<?xml version='1.0'?>
<module>
<exporttime>2024-03-27 09:54:37</exporttime>
<name>Onboarding</name>
<label>Onboarding</label>
<parent>Sales</parent>
<dependencies>
<vtiger_version>7.5.0</vtiger_version>
</dependencies>
<tables>
<table>
<name>vtiger_onboarding</name>
<sql><![CDATA[CREATE TABLE `vtiger_onboarding` (
  `onboardingid` int NOT NULL,
  `onboarding_image` varchar(255) DEFAULT NULL,
  `onboarding_text` text,
  `onboarding_no` varchar(100) DEFAULT NULL,
  PRIMARY KEY (`onboardingid`)
) ENGINE=InnoDB DEFAULT CHARSET=utf8mb3]]></sql>
</table>
<table>
<name>vtiger_onboardingcf</name>
<sql><![CDATA[CREATE TABLE `vtiger_onboardingcf` (
  `onboardingid` int NOT NULL,
  PRIMARY KEY (`onboardingid`)
) ENGINE=InnoDB DEFAULT CHARSET=utf8mb3]]></sql>
</table>
</tables>
<blocks>
<block>
<label>Onboarding Information</label>
<fields>
<field>
<fieldname>onboarding_image</fieldname>
<uitype>28</uitype>
<columnname>onboarding_image</columnname>
<tablename>vtiger_onboarding</tablename>
<generatedtype>1</generatedtype>
<fieldlabel>Onboarding Image</fieldlabel>
<readonly>1</readonly>
<presence>2</presence>
<defaultvalue></defaultvalue>
<sequence>6</sequence>
<maximumlength>100</maximumlength>
<typeofdata>V~O</typeofdata>
<quickcreate>1</quickcreate>
<quickcreatesequence>0</quickcreatesequence>
<displaytype>1</displaytype>
<info_type>BAS</info_type>
<helpinfo><![CDATA[]]></helpinfo>
<masseditable>1</masseditable>
<summaryfield>0</summaryfield>
</field>
<field>
<fieldname>onboarding_text</fieldname>
<uitype>21</uitype>
<columnname>onboarding_text</columnname>
<tablename>vtiger_onboarding</tablename>
<generatedtype>1</generatedtype>
<fieldlabel>Text</fieldlabel>
<readonly>1</readonly>
<presence>2</presence>
<defaultvalue></defaultvalue>
<sequence>2</sequence>
<maximumlength>100</maximumlength>
<typeofdata>V~O</typeofdata>
<quickcreate>1</quickcreate>
<quickcreatesequence>0</quickcreatesequence>
<displaytype>1</displaytype>
<info_type>BAS</info_type>
<helpinfo><![CDATA[]]></helpinfo>
<masseditable>1</masseditable>
<summaryfield>0</summaryfield>
</field>
<field>
<fieldname>onboarding_no</fieldname>
<uitype>4</uitype>
<columnname>onboarding_no</columnname>
<tablename>vtiger_onboarding</tablename>
<generatedtype>1</generatedtype>
<fieldlabel>Onboarding No</fieldlabel>
<readonly>1</readonly>
<presence>2</presence>
<defaultvalue></defaultvalue>
<sequence>1</sequence>
<maximumlength>100</maximumlength>
<typeofdata>V~O</typeofdata>
<quickcreate>1</quickcreate>
<quickcreatesequence>0</quickcreatesequence>
<displaytype>1</displaytype>
<info_type>BAS</info_type>
<helpinfo><![CDATA[]]></helpinfo>
<masseditable>1</masseditable>
<summaryfield>0</summaryfield>
</field>
<field>
<fieldname>createdtime</fieldname>
<uitype>70</uitype>
<columnname>createdtime</columnname>
<tablename>vtiger_crmentity</tablename>
<generatedtype>1</generatedtype>
<fieldlabel>Created Time</fieldlabel>
<readonly>1</readonly>
<presence>2</presence>
<defaultvalue></defaultvalue>
<sequence>4</sequence>
<maximumlength>100</maximumlength>
<typeofdata>DT~O</typeofdata>
<quickcreate>1</quickcreate>
<quickcreatesequence>0</quickcreatesequence>
<displaytype>2</displaytype>
<info_type>BAS</info_type>
<helpinfo><![CDATA[]]></helpinfo>
<masseditable>1</masseditable>
<summaryfield>0</summaryfield>
</field>
<field>
<fieldname>modifiedtime</fieldname>
<uitype>70</uitype>
<columnname>modifiedtime</columnname>
<tablename>vtiger_crmentity</tablename>
<generatedtype>1</generatedtype>
<fieldlabel>Modified Time</fieldlabel>
<readonly>1</readonly>
<presence>2</presence>
<defaultvalue></defaultvalue>
<sequence>3</sequence>
<maximumlength>100</maximumlength>
<typeofdata>DT~O</typeofdata>
<quickcreate>1</quickcreate>
<quickcreatesequence>0</quickcreatesequence>
<displaytype>2</displaytype>
<info_type>BAS</info_type>
<helpinfo><![CDATA[]]></helpinfo>
<masseditable>1</masseditable>
<summaryfield>0</summaryfield>
</field>
<field>
<fieldname>assigned_user_id</fieldname>
<uitype>53</uitype>
<columnname>smownerid</columnname>
<tablename>vtiger_crmentity</tablename>
<generatedtype>1</generatedtype>
<fieldlabel>Assigned To</fieldlabel>
<readonly>1</readonly>
<presence>2</presence>
<defaultvalue></defaultvalue>
<sequence>5</sequence>
<maximumlength>100</maximumlength>
<typeofdata>V~M</typeofdata>
<quickcreate>1</quickcreate>
<quickcreatesequence>0</quickcreatesequence>
<displaytype>1</displaytype>
<info_type>BAS</info_type>
<helpinfo><![CDATA[]]></helpinfo>
<masseditable>1</masseditable>
<summaryfield>0</summaryfield>
</field>
</fields>
</block>
</blocks>
<customviews>
<customview>
<viewname>All</viewname>
<setdefault>true</setdefault>
<setmetrics>false</setmetrics>
<fields>
<field>
<fieldname>onboarding_image</fieldname>
<columnindex>1</columnindex>
</field>
<field>
<fieldname>onboarding_no</fieldname>
<columnindex>2</columnindex>
</field>
<field>
<fieldname>onboarding_text</fieldname>
<columnindex>3</columnindex>
</field>
</fields>
</customview>
</customviews>
<sharingaccess>
<default>private</default>
</sharingaccess>
<actions>
<action>
<name><![CDATA[Import]]></name>
<status>enabled</status>
</action>
<action>
<name><![CDATA[Export]]></name>
<status>enabled</status>
</action>
<action>
<name><![CDATA[Merge]]></name>
<status>enabled</status>
</action>
</actions>
<crons>
</crons>
</module>
